{"stats":{"minecraft:picked_up":{"minecraft:dirt":8},"minecraft:used":{"minecraft:trapped_chest":1,"ironchest:trapped_gold_chest":1,"minecraft:dirt":5,"ironchest:trapped_iron_chest":1,"ironchest:trapped_diamond_chest":1},"minecraft:custom":{"minecraft:jump":49,"minecraft:time_since_rest":4508,"minecraft:leave_game":1,"minecraft:sprint_one_cm":3589,"minecraft:play_time":4508,"minecraft:time_since_death":4508,"minecraft:walk_one_cm":5869,"minecraft:trigger_trapped_chest":9,"minecraft:total_world_time":4508,"minecraft:fly_one_cm":3330},"minecraft:mined":{"minecraft:grass_block":7,"minecraft:dirt":1}},"DataVersion":3120}