{"stats":{"minecraft:mined":{"minecraft:grass_block":7,"minecraft:dirt":1},"minecraft:picked_up":{"minecraft:dirt":8},"minecraft:custom":{"minecraft:jump":64,"minecraft:time_since_rest":8013,"minecraft:leave_game":9,"minecraft:play_time":8013,"minecraft:sprint_one_cm":5924,"minecraft:time_since_death":8013,"minecraft:walk_one_cm":9449,"minecraft:trigger_trapped_chest":9,"minecraft:total_world_time":8013,"minecraft:fly_one_cm":6054},"minecraft:used":{"minecraft:trapped_chest":1,"ironchest:trapped_gold_chest":1,"ironchest:trapped_iron_chest":1,"minecraft:dirt":5,"ironchest:trapped_diamond_chest":1}},"DataVersion":3120}