{"stats":{"minecraft:killed":{"lightsout:go_kart_red":1},"minecraft:mined":{"minecraft:grass":2,"minecraft:grass_block":7,"minecraft:dirt":1,"minecraft:tall_grass":5,"ironchest:dirt_chest":1},"minecraft:custom":{"minecraft:time_since_rest":46334,"minecraft:sprint_one_cm":22697,"minecraft:walk_one_cm":46835,"minecraft:trigger_trapped_chest":41,"minecraft:mob_kills":1,"minecraft:drop":15,"minecraft:damage_dealt":123,"minecraft:swim_one_cm":868,"minecraft:fly_one_cm":73882,"minecraft:open_barrel":2,"minecraft:open_chest":5,"minecraft:crouch_one_cm":112,"minecraft:play_time":46334,"minecraft:sneak_time":231,"minecraft:walk_under_water_one_cm":1334,"minecraft:jump":215,"minecraft:leave_game":11,"minecraft:time_since_death":46334,"minecraft:walk_on_water_one_cm":509,"minecraft:total_world_time":46334,"minecraft:fall_one_cm":687},"minecraft:dropped":{"minecraft:wheat_seeds":4,"minecraft:dark_oak_sign":1,"prefab:item_house":1,"minecraft:dandelion":6,"ic2:hemp_seeds":1,"minecraft:stick":2},"minecraft:picked_up":{"minecraft:stick":2,"minecraft:dandelion":6,"minecraft:dirt":8,"minecraft:wheat_seeds":6,"lightsout:red_go_kart":1,"ic2:hemp_seeds":3,"minecraft:oak_sapling":3,"ironchest:dirt_chest":1},"minecraft:used":{"ironchest:dirt_chest":1,"ironchest:trapped_diamond_chest":1,"minecraft:grass_block":1,"minecraft:dark_oak_sign":5,"ironchest:trapped_iron_chest":1,"minecraft:dirt":5,"lightsout:red_go_kart":1,"minecraft:trapped_chest":6,"ironchest:trapped_gold_chest":1}},"DataVersion":3120}