{"stats":{"minecraft:mined":{"minecraft:grass":10,"minecraft:tall_grass":4,"ironchest:dirt_chest":1},"minecraft:custom":{"minecraft:open_chest":1,"minecraft:time_since_rest":9131,"minecraft:crouch_one_cm":876,"minecraft:play_time":9131,"minecraft:sprint_one_cm":7854,"minecraft:damage_taken":93,"minecraft:walk_one_cm":5729,"minecraft:sneak_time":440,"minecraft:trigger_trapped_chest":9,"minecraft:drop":1,"minecraft:jump":125,"minecraft:damage_dealt":190,"minecraft:leave_game":3,"minecraft:time_since_death":9131,"minecraft:total_world_time":9131,"minecraft:fall_one_cm":4533,"minecraft:fly_one_cm":13946,"minecraft:player_kills":1},"minecraft:dropped":{"psychadelic:chemistrybook":1},"minecraft:picked_up":{"minecraft:wheat_seeds":1,"ic2:hemp_seeds":2,"psychadelic:chemistrybook":1,"ironchest:dirt_chest":1},"minecraft:used":{"ironchest:dirt_chest":1}},"DataVersion":3120}