{"stats":{"minecraft:custom":{"minecraft:jump":33,"minecraft:time_since_rest":1245,"minecraft:leave_game":1,"minecraft:crouch_one_cm":15,"minecraft:sprint_one_cm":4304,"minecraft:play_time":1245,"minecraft:walk_on_water_one_cm":301,"minecraft:time_since_death":1245,"minecraft:walk_one_cm":1027,"minecraft:sneak_time":20,"minecraft:total_world_time":1245,"minecraft:walk_under_water_one_cm":55,"minecraft:swim_one_cm":259,"minecraft:fall_one_cm":476,"minecraft:fly_one_cm":4229},"minecraft:mined":{"minecraft:large_fern":3,"minecraft:grass_block":1,"minecraft:sugar_cane":3},"minecraft:used":{"minecraft:dirt":1,"minecraft:sugar_cane":5},"minecraft:picked_up":{"minecraft:sugar_cane":5,"minecraft:dirt":1}},"DataVersion":3120}