{"stats":{"minecraft:mined":{"minecraft:grass":4,"minecraft:tall_grass":1},"minecraft:custom":{"minecraft:open_chest":1,"minecraft:time_since_rest":3136,"minecraft:crouch_one_cm":19,"minecraft:sprint_one_cm":27219,"minecraft:play_time":32998,"minecraft:walk_one_cm":14455,"minecraft:damage_taken":273,"minecraft:deaths":1,"minecraft:sneak_time":245,"minecraft:trigger_trapped_chest":6,"minecraft:drop":1,"minecraft:jump":185,"minecraft:damage_dealt":49,"minecraft:leave_game":4,"minecraft:time_since_death":3107,"minecraft:total_world_time":32998,"minecraft:fall_one_cm":4842,"minecraft:fly_one_cm":32527},"minecraft:dropped":{"ic2:hemp_seeds":2},"minecraft:killed_by":{"minecraft:player":1},"minecraft:picked_up":{"ic2:wiki_item":1,"patchouli:guide_book":1,"tconstruct:materials_and_you":1,"prefab:item_house":1,"waystones:waystone":3,"theoneprobe:probenote":1,"artifacts:whoopee_cushion":1,"ic2:hemp_seeds":2,"psychadelic:chemistrybook":1,"ironchest:dirt_chest":2}},"DataVersion":3120}