{
  "ic2:reactor_planner_recipe_advancement": {
    "criteria": {
      "hasItem": "2024-07-12 02:33:02 +0000"
    },
    "done": true
  },
  "usefulhats:recipes/combat/shulker_helmet": {
    "criteria": {
      "has_shulker_shell": "2024-07-12 02:51:09 +0000"
    },
    "done": true
  },
  "usefulhats:recipes/combat/chopping_hat": {
    "criteria": {
      "has_rabbit_hide": "2024-07-12 02:51:09 +0000"
    },
    "done": true
  },
  "ic2:crop_harvester_recipe_advancement": {
    "criteria": {
      "hasItem": "2024-07-12 02:33:02 +0000"
    },
    "done": true
  },
  "ic2:toolbox_recipe_advancement": {
    "criteria": {
      "hasItem": "2024-07-12 02:33:02 +0000"
    },
    "done": true
  },
  "tconstruct:tools/materials_and_you": {
    "criteria": {
      "crafted_book": "2024-07-12 02:33:02 +0000"
    },
    "done": true
  },
  "dungeons_arise:wda_root": {
    "criteria": {
      "WDA": "2024-07-12 02:33:02 +0000"
    },
    "done": true
  },
  "tconstruct:internal/starting_book": {
    "criteria": {
      "tick": "2024-07-12 02:33:02 +0000"
    },
    "done": true
  },
  "ic2:trade_o_mat_recipe_advancement": {
    "criteria": {
      "hasItem": "2024-07-12 02:33:02 +0000"
    },
    "done": true
  },
  "usefulhats:recipes/combat/halo": {
    "criteria": {
      "has_nether_star": "2024-07-12 02:51:09 +0000"
    },
    "done": true
  },
  "ic2:recycler_recipe_advancement": {
    "criteria": {
      "hasItem": "2024-07-12 02:33:02 +0000"
    },
    "done": true
  },
  "ic2:cropmatron_recipe_advancement": {
    "criteria": {
      "hasItem": "2024-07-12 02:33:02 +0000"
    },
    "done": true
  },
  "minecraft:adventure/adventuring_time": {
    "criteria": {
      "minecraft:forest": "2024-07-11 07:07:21 +0000",
      "minecraft:meadow": "2024-07-11 07:07:19 +0000",
      "minecraft:plains": "2024-07-11 07:04:04 +0000"
    },
    "done": false
  },
  "undead_unleashed:undead_unleashed": {
    "criteria": {
      "undead_unleashed": "2024-07-12 02:33:02 +0000"
    },
    "done": true
  },
  "ic2:mud_recipe_advancement": {
    "criteria": {
      "hasItem": "2024-07-12 02:33:02 +0000"
    },
    "done": true
  },
  "create:root": {
    "criteria": {
      "0": "2024-07-12 01:56:11 +0000"
    },
    "done": true
  },
  "simplyswords:grant_book_on_first_join": {
    "criteria": {
      "tick": "2024-07-12 02:33:02 +0000"
    },
    "done": true
  },
  "usefulhats:recipes/combat/aquanaut_helmet": {
    "criteria": {
      "has_turtle_helmet": "2024-07-12 02:51:09 +0000"
    },
    "done": true
  },
  "ic2:tfbp_flatificator_recipe_advancement": {
    "criteria": {
      "hasItem": "2024-07-12 02:33:02 +0000"
    },
    "done": true
  },
  "usefulhats:recipes/combat/stocking_cap": {
    "criteria": {
      "has_string": "2024-07-12 02:51:09 +0000"
    },
    "done": true
  },
  "usefulhats:recipes/combat/ender_helmet": {
    "criteria": {
      "has_ender_pearl": "2024-07-12 02:51:09 +0000"
    },
    "done": true
  },
  "ic2:planter_pot_dirt_recipe_advancement": {
    "criteria": {
      "hasItem": "2024-07-12 02:33:02 +0000"
    },
    "done": true
  },
  "usefulhats:recipes/combat/lucky_hat": {
    "criteria": {
      "has_rabbit_foot": "2024-07-12 02:51:09 +0000"
    },
    "done": true
  },
  "usefulhats:recipes/combat/wing_helmet": {
    "criteria": {
      "has_feather": "2024-07-12 02:51:09 +0000",
      "has_phantom_membrane": "2024-07-12 02:51:09 +0000"
    },
    "done": true
  },
  "ironchest:recipes/ironchest/chests/vanilla_dirt_chest": {
    "criteria": {
      "has_iron_ingot": "2024-07-11 07:06:38 +0000"
    },
    "done": true
  },
  "ic2:personal_chest_recipe_advancement": {
    "criteria": {
      "hasItem": "2024-07-12 02:33:02 +0000"
    },
    "done": true
  },
  "usefulhats:recipes/combat/mining_hat": {
    "criteria": {
      "has_gold_ingot": "2024-07-12 02:51:09 +0000",
      "has_glowstone_dust": "2024-07-12 02:51:09 +0000"
    },
    "done": true
  },
  "ic2:filtered_fluid_scanner_recipe_advancement": {
    "criteria": {
      "hasItem": "2024-07-12 02:33:02 +0000"
    },
    "done": true
  },
  "botania:recipes/botania/red_string_container": {
    "criteria": {
      "has_base_block": "2024-07-12 02:33:02 +0000"
    },
    "done": true
  },
  "ic2:hopper_recipe_advancement": {
    "criteria": {
      "hasItem": "2024-07-12 02:33:02 +0000"
    },
    "done": true
  },
  "usefulhats:recipes/combat/bunny_ears": {
    "criteria": {
      "has_rabbit_hide": "2024-07-12 02:51:09 +0000",
      "has_carrot": "2024-07-12 02:51:09 +0000"
    },
    "done": true
  },
  "ic2:terraformer_recipe_advancement": {
    "criteria": {
      "hasItem": "2024-07-12 02:33:02 +0000"
    },
    "done": true
  },
  "usefulhats:recipes/combat/straw_hat": {
    "criteria": {
      "has_wheat": "2024-07-12 02:51:09 +0000"
    },
    "done": true
  },
  "usefulhats:recipes/combat/postman_hat": {
    "criteria": {
      "has_lapis_lazuli": "2024-07-12 02:51:09 +0000",
      "has_gold_nugget": "2024-07-12 02:51:09 +0000"
    },
    "done": true
  },
  "ic2:upgrade_container_recipe_advancement": {
    "criteria": {
      "hasItem": "2024-07-12 02:33:02 +0000"
    },
    "done": true
  },
  "ic2:filtered_scanner_recipe_advancement": {
    "criteria": {
      "hasItem": "2024-07-12 02:33:02 +0000"
    },
    "done": true
  },
  "DataVersion": 3120
}