{
  "ic2:reactor_planner_recipe_advancement": {
    "criteria": {
      "hasItem": "2024-07-12 02:33:02 +0000"
    },
    "done": true
  },
  "undead_unleashed:undead_unleashed": {
    "criteria": {
      "undead_unleashed": "2024-07-12 02:33:02 +0000"
    },
    "done": true
  },
  "ic2:mud_recipe_advancement": {
    "criteria": {
      "hasItem": "2024-07-12 02:33:02 +0000"
    },
    "done": true
  },
  "create:root": {
    "criteria": {
      "0": "2024-07-12 01:56:11 +0000"
    },
    "done": true
  },
  "simplyswords:grant_book_on_first_join": {
    "criteria": {
      "tick": "2024-07-12 02:33:02 +0000"
    },
    "done": true
  },
  "ic2:crop_harvester_recipe_advancement": {
    "criteria": {
      "hasItem": "2024-07-12 02:33:02 +0000"
    },
    "done": true
  },
  "ic2:tfbp_flatificator_recipe_advancement": {
    "criteria": {
      "hasItem": "2024-07-12 02:33:02 +0000"
    },
    "done": true
  },
  "ic2:planter_pot_dirt_recipe_advancement": {
    "criteria": {
      "hasItem": "2024-07-12 02:33:02 +0000"
    },
    "done": true
  },
  "ironchest:recipes/ironchest/chests/vanilla_dirt_chest": {
    "criteria": {
      "has_iron_ingot": "2024-07-11 07:06:38 +0000"
    },
    "done": true
  },
  "ic2:toolbox_recipe_advancement": {
    "criteria": {
      "hasItem": "2024-07-12 02:33:02 +0000"
    },
    "done": true
  },
  "tconstruct:tools/materials_and_you": {
    "criteria": {
      "crafted_book": "2024-07-12 02:33:02 +0000"
    },
    "done": true
  },
  "dungeons_arise:wda_root": {
    "criteria": {
      "WDA": "2024-07-12 02:33:02 +0000"
    },
    "done": true
  },
  "tconstruct:internal/starting_book": {
    "criteria": {
      "tick": "2024-07-12 02:33:02 +0000"
    },
    "done": true
  },
  "ic2:personal_chest_recipe_advancement": {
    "criteria": {
      "hasItem": "2024-07-12 02:33:02 +0000"
    },
    "done": true
  },
  "ic2:trade_o_mat_recipe_advancement": {
    "criteria": {
      "hasItem": "2024-07-12 02:33:02 +0000"
    },
    "done": true
  },
  "ic2:filtered_fluid_scanner_recipe_advancement": {
    "criteria": {
      "hasItem": "2024-07-12 02:33:02 +0000"
    },
    "done": true
  },
  "botania:recipes/botania/red_string_container": {
    "criteria": {
      "has_base_block": "2024-07-12 02:33:02 +0000"
    },
    "done": true
  },
  "ic2:hopper_recipe_advancement": {
    "criteria": {
      "hasItem": "2024-07-12 02:33:02 +0000"
    },
    "done": true
  },
  "ic2:terraformer_recipe_advancement": {
    "criteria": {
      "hasItem": "2024-07-12 02:33:02 +0000"
    },
    "done": true
  },
  "ic2:recycler_recipe_advancement": {
    "criteria": {
      "hasItem": "2024-07-12 02:33:02 +0000"
    },
    "done": true
  },
  "ic2:cropmatron_recipe_advancement": {
    "criteria": {
      "hasItem": "2024-07-12 02:33:02 +0000"
    },
    "done": true
  },
  "minecraft:adventure/adventuring_time": {
    "criteria": {
      "minecraft:forest": "2024-07-11 07:07:21 +0000",
      "minecraft:meadow": "2024-07-11 07:07:19 +0000",
      "minecraft:plains": "2024-07-11 07:04:04 +0000"
    },
    "done": false
  },
  "ic2:upgrade_container_recipe_advancement": {
    "criteria": {
      "hasItem": "2024-07-12 02:33:02 +0000"
    },
    "done": true
  },
  "ic2:filtered_scanner_recipe_advancement": {
    "criteria": {
      "hasItem": "2024-07-12 02:33:02 +0000"
    },
    "done": true
  },
  "DataVersion": 3120
}